{"what": {"favorite": 1, "for": 1, "to": 1, "want": 0}, "when": {"going": 0, "go": 0}, "where": {"for": 1, "go": 0, "from": 0, "to": 1, "going": 0}, "would": {"rather": 0, "to": 1, "want": 0}, "want": {"have": 0}, "do": {"go": 0, "to": 1, "want": 0}, "whats": {"favorite": 1, "for": 1, "to": 1, "want": 0}, "is": {"favorite": 1, "it": 0, "your": 1}, "who": {"more": 0, "less": 0}, "whos": {"better": 1, "worse": 1, "faster": 1, "slower": 1, "stronger": 1, "weaker": 1, "it": 0}, "are": {"you": 0}, "how": {"your": 1, "today": 0, "feeling": 0}, "will": {"you": 1, "be": 0, "in": 0, "it": 0}, "which": {"the": 1, "your": 1, "you": 1, "is": 1, "more": 0}, "did": {"at": 0, "with": 0, "if": 0, "to": 0, "for": 0, "as": 0, "you": 1}, "should": {"go": 1, "at": 0, "we": 1, "you": 1}}