{'have': 0, 'to': 0, 'no': 0, 'himself': 0, 'in': 0, 'now': 0, 'its': 0, 'having': 0, 'has': 0, "you'll": 0, 'some': 0, 'couldn': 0, 'we': 0, 'from': 0, 'just': 0, 'as': 0, "aren't": 0, 'him': 0, 'don': 0, 'needn': 0, 'yourself': 0, 'ain': 0, "wouldn't": 0, 'until': 0, 'o': 0, 'ourselves': 0, 'hers': 0, 'ours': 0, 'if': 0, 'those': 0, 'here': 0, 'both': 0, 'yours': 0, 'because': 0, 'does': 0, 'weren': 0, 'they': 0, 'few': 0, "that'll": 0, 'his': 0, 'down': 0, 'wouldn': 0, 'below': 0, 'an': 0, 'while': 0, 'them': 0, 'on': 0, 'how': 0, 'over': 0, 'won': 0, 'but': 0, 'off': 0, "shan't": 0, 'after': 0, 'doesn': 0, 'of': 0, 'me': 0, 'your': 0, 'these': 0, 'being': 0, 'ma': 0, 'more': 0, 'it': 0, 'you': 0, 'the': 0, 'are': 0, 'had': 0, 'which': 0, 'd': 0, 'why': 0, 'was': 0, 'once': 0, "won't": 0, 'nor': 0, 'were': 0, 'whom': 0, 'other': 0, "weren't": 0, "wasn't": 0, 'for': 0, 'my': 0, 'through': 0, "doesn't": 0, 'between': 0, 'only': 0, 'll': 0, "couldn't": 0, 'm': 0, 'a': 0, "hadn't": 0, "you've": 0, 'what': 0, 'i': 0, 'than': 0, 've': 0, 'when': 0, 'didn': 0, "it's": 0, 'been': 0, 'before': 0, "should've": 0, 'own': 0, 'too': 0, 'shouldn': 0, 'that': 0, "you'd": 0, 'hadn': 0, "haven't": 0, 'yourselves': 0, 't': 0, "she's": 0, 're': 0, 'will': 0, 'y': 0, 'above': 0, 'or': 0, "hasn't": 0, 'aren': 0, 'is': 0, 'further': 0, 'hasn': 0, 'so': 0, "you're": 0, "needn't": 0, "mightn't": 0, 'very': 0, 'not': 0, 'where': 0, 'against': 0, 'shan': 0, 'isn': 0, 's': 0, "shouldn't": 0, 'during': 0, 'do': 0, 'such': 0, 'haven': 0, 'themselves': 0, 'her': 0, 'by': 0, "didn't": 0, 'under': 0, 'can': 0, 'all': 0, 'same': 0, 'then': 0, 'at': 0, 'be': 0, 'any': 0, 'herself': 0, "don't": 0, 'with': 0, 'into': 0, 'itself': 0, 'there': 0, 'who': 0, 'wasn': 0, 'up': 0, 'did': 0, 'mustn': 0, 'should': 0, "mustn't": 0, 'doing': 0, 'am': 0, 'he': 0, 'most': 0, 'this': 0, 'theirs': 0, 'again': 0, 'out': 0, 'myself': 0, 'each': 0, "isn't": 0, 'about': 0, 'she': 0, 'mightn': 0, 'our': 0, 'their': 0}